device_id,csv_filename,uploaded_at,Datetime,Frame ID,Track ID,ReID Name,Prob,BBox4,LeftEyeAngle,RightEyeAngle,IsLooking,Gender,Age,Prob_<15,Prob_15-30,Prob_30-45,Prob_45-60,Prob_>60
996aebb3,20260326_034543.csv,2026/05/14 07:08:35:000,2026/03/26 03:46:00:383,96,10559,null,0.8017,"[1530, 308, 1657, 665]",-1.0,-1.0,N/A,Male,37,0.0001,0.3089,0.2455,0.2486,0.0044
996aebb3,20260326_034543.csv,2026/05/14 07:08:35:000,2026/03/26 03:46:00:603,97,10550,null,0.8035,"[691, 355, 921, 857]",-1.0,-1.0,N/A,Male,32,0.0024,0.4356,0.7151,0.0018,0.0044
996aebb3,20260326_034543.csv,2026/05/14 07:08:35:000,2026/03/26 03:46:00:794,98,10550,null,0.8328,"[673, 356, 900, 849]",-1.0,-1.0,N/A,Male,32,0.0024,0.4356,0.7151,0.0018,0.0044
996aebb3,20260326_034543.csv,2026/05/14 07:08:35:000,2026/03/26 03:46:00:971,99,10550,null,0.8223,"[653, 351, 886, 852]",-1.0,-1.0,N/A,Male,32,0.0024,0.4356,0.7151,0.0018,0.0044
996aebb3,20260326_034543.csv,2026/05/14 07:08:35:000,2026/03/26 03:46:01:167,100,10550,null,0.8173,"[635, 348, 873, 854]",-1.0,-1.0,N/A,Male,32,0.0024,0.4356,0.7151,0.0018,0.0044
996aebb3,20260326_034543.csv,2026/05/14 07:08:35:000,2026/03/26 03:46:01:425,101,10550,null,0.8297,"[621, 349, 863, 861]",-1.0,-1.0,N/A,Male,32,0.0024,0.4356,0.7151,0.0018,0.0044
996aebb3,20260326_034543.csv,2026/05/14 07:08:35:000,2026/03/26 03:46:01:587,102,10550,null,0.8142,"[618, 350, 859, 862]",-1.0,-1.0,N/A,Male,32,0.0024,0.4356,0.7151,0.0018,0.0044
996aebb3,20260326_034543.csv,2026/05/14 07:08:35:000,2026/03/26 03:46:01:838,103,10550,null,0.8141,"[618, 346, 860, 859]",-1.0,-1.0,N/A,Male,32,0.0024,0.4356,0.7151,0.0018,0.0044
996aebb3,20260326_034543.csv,2026/05/14 07:08:35:000,2026/03/26 03:46:01:858,103,10559,null,0.8005,"[1521, 305, 1647, 665]",-1.0,-1.0,N/A,Male,37,0.0001,0.3089,0.2455,0.2486,0.0044
996aebb3,20260326_034543.csv,2026/05/14 07:08:35:000,2026/03/26 03:46:01:967,104,10550,null,0.8174,"[619, 344, 864, 862]",-1.0,-1.0,N/A,Male,32,0.0024,0.4356,0.7151,0.0018,0.0044
996aebb3,20260326_034543.csv,2026/05/14 07:08:35:000,2026/03/26 03:46:02:065,104,10496,null,0.8007,"[1485, 600, 1721, 1123]",-120.4,-56.5,Yes,Female,27,0.0039,0.6803,0.232,0.0111,0.0026
996aebb3,20260326_034543.csv,2026/05/14 07:08:35:000,2026/03/26 03:46:02:078,105,10550,null,0.81,"[621, 343, 865, 858]",-1.0,-1.0,N/A,Male,32,0.0024,0.4356,0.7151,0.0018,0.0044
996aebb3,20260326_034543.csv,2026/05/14 07:08:35:000,2026/03/26 03:46:02:149,106,10550,null,0.8072,"[622, 341, 870, 861]",-1.0,-1.0,N/A,Male,32,0.0024,0.4356,0.7151,0.0018,0.0044
996aebb3,20260326_034543.csv,2026/05/14 07:08:35:000,2026/03/26 03:46:02:217,106,10496,null,0.8006,"[1489, 593, 1726, 1127]",-1.0,-1.0,N/A,Female,27,0.0039,0.6803,0.232,0.0111,0.0026
996aebb3,20260326_034543.csv,2026/05/14 07:08:35:000,2026/03/26 03:46:02:231,107,10550,null,0.8002,"[621, 343, 870, 861]",-1.0,-1.0,N/A,Male,32,0.0024,0.4356,0.7151,0.0018,0.0044
996aebb3,20260326_034543.csv,2026/05/14 07:08:35:000,2026/03/26 03:46:02:471,109,10496,null,0.8002,"[1490, 584, 1730, 1123]",-1.0,-1.0,N/A,Female,27,0.0039,0.6803,0.232,0.0111,0.0026
996aebb3,20260326_034543.csv,2026/05/14 07:08:35:000,2026/03/26 03:46:02:848,113,10550,null,0.8022,"[617, 347, 865, 857]",-1.0,-1.0,N/A,Male,32,0.0024,0.4356,0.7151,0.0018,0.0044
996aebb3,20260326_034543.csv,2026/05/14 07:08:35:000,2026/03/26 03:46:03:113,114,10550,null,0.8134,"[614, 343, 867, 862]",-1.0,-1.0,N/A,Male,32,0.0024,0.4356,0.7151,0.0018,0.0044
996aebb3,20260326_034543.csv,2026/05/14 07:08:35:000,2026/03/26 03:46:03:290,115,10550,null,0.8326,"[607, 343, 858, 861]",-1.0,-1.0,N/A,Male,32,0.0024,0.4356,0.7151,0.0018,0.0044
996aebb3,20260326_034543.csv,2026/05/14 07:08:35:000,2026/03/26 03:46:03:544,116,10550,null,0.8105,"[602, 343, 853, 862]",-1.0,-1.0,N/A,Male,32,0.0024,0.4356,0.7151,0.0018,0.0044
996aebb3,20260326_034543.csv,2026/05/14 07:08:35:000,2026/03/26 03:46:03:923,118,10550,null,0.8131,"[598, 342, 852, 872]",-1.0,-1.0,N/A,Male,32,0.0024,0.4356,0.7151,0.0018,0.0044
996aebb3,20260326_034543.csv,2026/05/14 07:08:35:000,2026/03/26 03:46:04:047,119,10550,null,0.8036,"[597, 341, 851, 873]",-1.0,-1.0,N/A,Male,32,0.0024,0.4356,0.7151,0.0018,0.0044
996aebb3,20260326_034543.csv,2026/05/14 07:08:35:000,2026/03/26 03:46:04:246,120,10550,null,0.8271,"[600, 343, 854, 876]",-1.0,-1.0,N/A,Male,32,0.0024,0.4356,0.7151,0.0018,0.0044
996aebb3,20260326_034543.csv,2026/05/14 07:08:35:000,2026/03/26 03:46:04:386,121,10550,null,0.8132,"[600, 337, 857, 875]",-1.0,-1.0,N/A,Male,32,0.0024,0.4356,0.7151,0.0018,0.0044
996aebb3,20260326_034543.csv,2026/05/14 07:08:35:000,2026/03/26 03:46:04:547,122,10550,null,0.812,"[600, 336, 856, 873]",-1.0,-1.0,N/A,Male,32,0.0024,0.4356,0.7151,0.0018,0.0044
996aebb3,20260326_034543.csv,2026/05/14 07:08:35:000,2026/03/26 03:46:04:718,123,10550,null,0.8177,"[601, 334, 858, 872]",-1.0,-1.0,N/A,Male,32,0.0024,0.4356,0.7151,0.0018,0.0044
996aebb3,20260326_034543.csv,2026/05/14 07:08:35:000,2026/03/26 03:46:04:880,124,10550,null,0.8109,"[600, 336, 857, 873]",-1.0,-1.0,N/A,Male,32,0.0024,0.4356,0.7151,0.0018,0.0044
996aebb3,20260326_034543.csv,2026/05/14 07:08:35:000,2026/03/26 03:46:05:123,125,10550,null,0.8163,"[602, 339, 857, 876]",-1.0,-1.0,N/A,Male,32,0.0024,0.4356,0.7151,0.0018,0.0044
996aebb3,20260326_034543.csv,2026/05/14 07:08:35:000,2026/03/26 03:46:05:248,126,10550,null,0.8113,"[601, 341, 857, 880]",-1.0,-1.0,N/A,Male,32,0.0024,0.4356,0.7151,0.0018,0.0044
996aebb3,20260326_034543.csv,2026/05/14 07:08:35:000,2026/03/26 03:46:05:337,127,10550,null,0.8069,"[603, 339, 862, 883]",-1.0,-1.0,N/A,Male,32,0.0024,0.4356,0.7151,0.0018,0.0044
996aebb3,20260326_034543.csv,2026/05/14 07:08:35:000,2026/03/26 03:46:05:440,128,10550,null,0.8152,"[607, 336, 870, 887]",-1.0,-1.0,N/A,Male,32,0.0024,0.4356,0.7151,0.0018,0.0044
996aebb3,20260326_034543.csv,2026/05/14 07:08:35:000,2026/03/26 03:46:05:536,129,10550,null,0.8266,"[605, 338, 870, 893]",-1.0,-1.0,N/A,Male,32,0.0024,0.4356,0.7151,0.0018,0.0044
996aebb3,20260326_034543.csv,2026/05/14 07:08:35:000,2026/03/26 03:46:05:636,130,10550,null,0.8305,"[607, 338, 870, 885]",-1.0,-1.0,N/A,Male,32,0.0024,0.4356,0.7151,0.0018,0.0044
996aebb3,20260326_034543.csv,2026/05/14 07:08:35:000,2026/03/26 03:46:05:738,131,10550,null,0.8313,"[607, 337, 870, 884]",-1.0,-1.0,N/A,Male,32,0.0024,0.4356,0.7151,0.0018,0.0044
996aebb3,20260326_034543.csv,2026/05/14 07:08:35:000,2026/03/26 03:46:05:846,132,10550,null,0.8266,"[609, 337, 870, 876]",-1.0,-1.0,N/A,Male,32,0.0024,0.4356,0.7151,0.0018,0.0044
996aebb3,20260326_034543.csv,2026/05/14 07:08:35:000,2026/03/26 03:46:05:938,133,10550,null,0.8224,"[611, 340, 867, 868]",-1.0,-1.0,N/A,Male,32,0.0024,0.4356,0.7151,0.0018,0.0044
996aebb3,20260326_034543.csv,2026/05/14 07:08:35:000,2026/03/26 03:46:06:160,134,10550,null,0.8195,"[610, 342, 865, 865]",-1.0,-1.0,N/A,Male,32,0.0024,0.4356,0.7151,0.0018,0.0044
996aebb3,20260326_034543.csv,2026/05/14 07:08:35:000,2026/03/26 03:46:06:405,135,10550,null,0.8325,"[608, 341, 863, 866]",-1.0,-1.0,N/A,Male,32,0.0024,0.4356,0.7151,0.0018,0.0044
996aebb3,20260326_034543.csv,2026/05/14 07:08:35:000,2026/03/26 03:46:06:635,136,10550,null,0.8279,"[605, 340, 863, 870]",-1.0,-1.0,N/A,Male,32,0.0024,0.4356,0.7151,0.0018,0.0044
996aebb3,20260326_034543.csv,2026/05/14 07:08:35:000,2026/03/26 03:46:06:807,137,10550,null,0.829,"[603, 339, 861, 870]",-1.0,-1.0,N/A,Male,32,0.0024,0.4356,0.7151,0.0018,0.0044
996aebb3,20260326_034543.csv,2026/05/14 07:08:35:000,2026/03/26 03:46:06:985,138,10550,null,0.8273,"[601, 337, 861, 872]",-1.0,-1.0,N/A,Male,32,0.0024,0.4356,0.7151,0.0018,0.0044
996aebb3,20260326_034543.csv,2026/05/14 07:08:35:000,2026/03/26 03:46:07:209,139,10550,null,0.8347,"[600, 335, 862, 877]",-1.0,-1.0,N/A,Male,32,0.0024,0.4356,0.7151,0.0018,0.0044
996aebb3,20260326_034543.csv,2026/05/14 07:08:35:000,2026/03/26 03:46:07:426,140,10550,null,0.8369,"[599, 334, 863, 879]",-1.0,-1.0,N/A,Male,32,0.0024,0.4356,0.7151,0.0018,0.0044
996aebb3,20260326_034543.csv,2026/05/14 07:08:35:000,2026/03/26 03:46:07:660,141,10550,null,0.8483,"[602, 338, 864, 878]",-1.0,-1.0,N/A,Male,32,0.0024,0.4356,0.7151,0.0018,0.0044
996aebb3,20260326_034543.csv,2026/05/14 07:08:35:000,2026/03/26 03:46:07:699,141,10496,null,0.8007,"[1487, 592, 1742, 1117]",-1.0,-1.0,N/A,Female,27,0.0039,0.6803,0.232,0.0111,0.0026
996aebb3,20260326_034543.csv,2026/05/14 07:08:35:000,2026/03/26 03:46:07:799,142,10550,null,0.8422,"[610, 339, 868, 872]",-1.0,-1.0,N/A,Male,32,0.0024,0.4356,0.7151,0.0018,0.0044
996aebb3,20260326_034543.csv,2026/05/14 07:08:35:000,2026/03/26 03:46:08:003,143,10550,null,0.8465,"[623, 345, 872, 857]",-1.0,-1.0,N/A,Male,32,0.0024,0.4356,0.7151,0.0018,0.0044
996aebb3,20260326_034543.csv,2026/05/14 07:08:35:000,2026/03/26 03:46:08:212,144,10550,null,0.8371,"[639, 348, 880, 849]",-1.0,-1.0,N/A,Male,32,0.0024,0.4356,0.7151,0.0018,0.0044
996aebb3,20260326_034543.csv,2026/05/14 07:08:35:000,2026/03/26 03:46:08:456,145,10550,null,0.833,"[654, 349, 889, 843]",-1.0,-1.0,N/A,Male,32,0.0024,0.4356,0.7151,0.0018,0.0044
996aebb3,20260326_034543.csv,2026/05/14 07:08:35:000,2026/03/26 03:46:09:066,145,10558,null,0.8072,"[964, 602, 1240, 1078]",-1.0,-1.0,N/A,Female,25,0.0004,0.8829,0.1396,0.0009,0.0025
996aebb3,20260326_034543.csv,2026/05/14 07:08:35:000,2026/03/26 03:46:09:078,146,10550,null,0.8146,"[670, 355, 896, 836]",-1.0,-1.0,N/A,Male,32,0.0024,0.4356,0.7151,0.0018,0.0044
996aebb3,20260326_034543.csv,2026/05/14 07:08:35:000,2026/03/26 03:46:09:112,146,10558,null,0.8086,"[963, 607, 1233, 1074]",-1.0,-1.0,N/A,Female,25,0.0004,0.8829,0.1396,0.0009,0.0025
996aebb3,20260326_034543.csv,2026/05/14 07:08:35:000,2026/03/26 03:46:09:117,147,10550,null,0.8239,"[668, 341, 900, 838]",-1.0,-1.0,N/A,Male,32,0.0024,0.4356,0.7151,0.0018,0.0044
996aebb3,20260326_034543.csv,2026/05/14 07:08:35:000,2026/03/26 03:46:09:173,147,10558,null,0.8018,"[959, 605, 1231, 1075]",-1.0,-1.0,N/A,Female,25,0.0004,0.8829,0.1396,0.0009,0.0025
996aebb3,20260326_034543.csv,2026/05/14 07:08:35:000,2026/03/26 03:46:09:215,148,10558,null,0.8059,"[962, 610, 1226, 1067]",-1.0,-1.0,N/A,Female,25,0.0004,0.8829,0.1396,0.0009,0.0025
996aebb3,20260326_034543.csv,2026/05/14 07:08:35:000,2026/03/26 03:46:09:220,149,10550,null,0.8062,"[664, 338, 900, 841]",-1.0,-1.0,N/A,Male,32,0.0024,0.4356,0.7151,0.0018,0.0044
996aebb3,20260326_034543.csv,2026/05/14 07:08:35:000,2026/03/26 03:46:09:259,150,10550,null,0.8197,"[661, 342, 895, 839]",-1.0,-1.0,N/A,Male,32,0.0024,0.4356,0.7151,0.0018,0.0044
996aebb3,20260326_034543.csv,2026/05/14 07:08:35:000,2026/03/26 03:46:09:273,150,10558,null,0.8195,"[963, 610, 1227, 1066]",-1.0,-1.0,N/A,Female,25,0.0004,0.8829,0.1396,0.0009,0.0025
996aebb3,20260326_034543.csv,2026/05/14 07:08:35:000,2026/03/26 03:46:09:418,151,10550,null,0.8196,"[656, 341, 888, 836]",-1.0,-1.0,N/A,Male,32,0.0024,0.4356,0.7151,0.0018,0.0044
996aebb3,20260326_034543.csv,2026/05/14 07:08:35:000,2026/03/26 03:46:09:545,152,10550,null,0.8579,"[655, 353, 872, 818]",-1.0,-1.0,N/A,Male,32,0.0024,0.4356,0.7151,0.0018,0.0044
996aebb3,20260326_034543.csv,2026/05/14 07:08:35:000,2026/03/26 03:46:09:903,152,10570,null,0.8174,"[816, 329, 974, 773]",-1.0,-1.0,N/A,Male,27,0.0001,0.8486,0.304,0.0113,0.0027
996aebb3,20260326_034543.csv,2026/05/14 07:08:35:000,2026/03/26 03:46:09:919,153,10550,null,0.8479,"[651, 355, 866, 817]",-1.0,-1.0,N/A,Male,32,0.0024,0.4356,0.7151,0.0018,0.0044
996aebb3,20260326_034543.csv,2026/05/14 07:08:35:000,2026/03/26 03:46:09:927,153,10570,null,0.8175,"[828, 331, 985, 768]",-1.0,-1.0,N/A,Male,27,0.0001,0.8486,0.304,0.0113,0.0027
996aebb3,20260326_034543.csv,2026/05/14 07:08:35:000,2026/03/26 03:46:09:945,154,10550,null,0.8204,"[642, 346, 863, 819]",-1.0,-1.0,N/A,Male,32,0.0024,0.4356,0.7151,0.0018,0.0044
996aebb3,20260326_034543.csv,2026/05/14 07:08:35:000,2026/03/26 03:46:10:058,155,10550,null,0.8286,"[647, 344, 867, 812]",-1.0,-1.0,N/A,Male,32,0.0024,0.4356,0.7151,0.0018,0.0044
996aebb3,20260326_034543.csv,2026/05/14 07:08:35:000,2026/03/26 03:46:10:233,156,10550,null,0.8171,"[654, 341, 873, 807]",-1.0,-1.0,N/A,Male,32,0.0024,0.4356,0.7151,0.0018,0.0044
996aebb3,20260326_034543.csv,2026/05/14 07:08:35:000,2026/03/26 03:46:10:555,157,10550,null,0.8026,"[657, 342, 874, 802]",-1.0,-1.0,N/A,Male,32,0.0024,0.4356,0.7151,0.0018,0.0044
996aebb3,20260326_034543.csv,2026/05/14 07:08:35:000,2026/03/26 03:46:12:427,163,10557,null,0.8008,"[1433, 339, 1581, 715]",-1.0,-1.0,N/A,Female,33,0.0038,0.2849,0.5747,0.0061,0.0052
996aebb3,20260326_034543.csv,2026/05/14 07:08:35:000,2026/03/26 03:46:15:378,184,10349,null,0.8092,"[1049, 395, 1251, 851]",-1.0,-1.0,N/A,Female,24,0.0019,0.9658,0.1125,0.0057,0.0013
996aebb3,20260326_034543.csv,2026/05/14 07:08:35:000,2026/03/26 03:46:16:791,193,10557,null,0.8015,"[1424, 340, 1568, 713]",-1.0,-1.0,N/A,Female,33,0.0038,0.2849,0.5747,0.0061,0.0052
996aebb3,20260326_034543.csv,2026/05/14 07:08:35:000,2026/03/26 03:46:18:140,199,10496,null,0.8049,"[1450, 592, 1733, 1124]",-1.0,-1.0,N/A,Female,27,0.0039,0.6803,0.232,0.0111,0.0026
996aebb3,20260326_034543.csv,2026/05/14 07:08:35:000,2026/03/26 03:46:18:351,200,10496,null,0.8175,"[1459, 594, 1738, 1127]",-1.0,-1.0,N/A,Female,27,0.0039,0.6803,0.232,0.0111,0.0026
996aebb3,20260326_034543.csv,2026/05/14 07:08:35:000,2026/03/26 03:46:18:936,201,10554,null,0.8275,"[1103, 380, 1345, 876]",-1.0,-1.0,N/A,Female,26,0.0003,0.9451,0.2339,0.0008,0.0014
996aebb3,20260326_034543.csv,2026/05/14 07:08:35:000,2026/03/26 03:46:18:950,202,10554,null,0.8257,"[1118, 382, 1347, 860]",-1.0,-1.0,N/A,Female,26,0.0003,0.9451,0.2339,0.0008,0.0014
996aebb3,20260326_034543.csv,2026/05/14 07:08:35:000,2026/03/26 03:46:18:976,203,10554,null,0.8328,"[1122, 378, 1346, 854]",-1.0,-1.0,N/A,Female,26,0.0003,0.9451,0.2339,0.0008,0.0014
996aebb3,20260326_034543.csv,2026/05/14 07:08:35:000,2026/03/26 03:46:20:855,213,10482,null,0.8031,"[1135, 361, 1304, 766]",-1.0,-1.0,N/A,Female,23,0.0007,0.9965,0.0331,0.0003,0.0001
996aebb3,20260326_034543.csv,2026/05/14 07:08:35:000,2026/03/26 03:46:20:862,214,10349,null,0.8133,"[742, 340, 981, 865]",-1.0,-1.0,N/A,Female,24,0.0019,0.9658,0.1125,0.0057,0.0013
996aebb3,20260326_034543.csv,2026/05/14 07:08:35:000,2026/03/26 03:46:21:069,216,10578,null,0.8162,"[413, 437, 688, 1010]",-1.0,-1.0,N/A,Female,32,0.0259,0.3937,0.6676,0.0049,0.0098
996aebb3,20260326_034543.csv,2026/05/14 07:08:35:000,2026/03/26 03:46:27:232,253,10494,null,0.8091,"[1176, 603, 1454, 1083]",-1.0,-1.0,N/A,Male,25,0.0079,0.8372,0.1033,0.0025,0.0094
996aebb3,20260326_034543.csv,2026/05/14 07:08:35:000,2026/03/26 03:46:27:367,254,10557,null,0.8208,"[1435, 343, 1586, 713]",-1.0,-1.0,N/A,Female,33,0.0038,0.2849,0.5747,0.0061,0.0052
996aebb3,20260326_034543.csv,2026/05/14 07:08:35:000,2026/03/26 03:46:27:527,255,10557,null,0.8304,"[1427, 344, 1578, 715]",-1.0,-1.0,N/A,Female,33,0.0038,0.2849,0.5747,0.0061,0.0052
996aebb3,20260326_034543.csv,2026/05/14 07:08:35:000,2026/03/26 03:46:27:657,256,10262,null,0.8067,"[1528, 306, 1659, 678]",-1.0,-1.0,N/A,Female,23,0.0004,0.9864,0.0583,0.0013,0.0032
996aebb3,20260326_034543.csv,2026/05/14 07:08:35:000,2026/03/26 03:46:27:794,257,10262,null,0.8084,"[1528, 305, 1659, 678]",-1.0,-1.0,N/A,Female,23,0.0004,0.9864,0.0583,0.0013,0.0032
996aebb3,20260326_034543.csv,2026/05/14 07:08:35:000,2026/03/26 03:46:28:281,259,10262,null,0.8009,"[1527, 305, 1659, 677]",-1.0,-1.0,N/A,Female,23,0.0004,0.9864,0.0583,0.0013,0.0032
996aebb3,20260326_034543.csv,2026/05/14 07:08:35:000,2026/03/26 03:46:29:342,265,10557,null,0.8116,"[1423, 341, 1569, 713]",-1.0,-1.0,N/A,Female,33,0.0038,0.2849,0.5747,0.0061,0.0052
996aebb3,20260326_034543.csv,2026/05/14 07:08:35:000,2026/03/26 03:46:29:557,266,10557,null,0.8166,"[1424, 341, 1571, 716]",-1.0,-1.0,N/A,Female,33,0.0038,0.2849,0.5747,0.0061,0.0052
996aebb3,20260326_034543.csv,2026/05/14 07:08:35:000,2026/03/26 03:46:29:738,267,10557,null,0.8035,"[1424, 341, 1574, 723]",-1.0,-1.0,N/A,Female,33,0.0038,0.2849,0.5747,0.0061,0.0052
996aebb3,20260326_034543.csv,2026/05/14 07:08:35:000,2026/03/26 03:46:33:906,287,10496,null,0.8018,"[1483, 590, 1749, 1134]",-1.0,-1.0,N/A,Female,27,0.0039,0.6803,0.232,0.0111,0.0026
996aebb3,20260326_034543.csv,2026/05/14 07:08:35:000,2026/03/26 03:46:34:792,291,10496,null,0.8016,"[1479, 595, 1740, 1125]",-149.3,-69.7,No,Female,27,0.0039,0.6803,0.232,0.0111,0.0026
996aebb3,20260326_034543.csv,2026/05/14 07:08:35:000,2026/03/26 03:46:37:117,303,10557,null,0.8222,"[1434, 348, 1574, 702]",-1.0,-1.0,N/A,Female,33,0.0038,0.2849,0.5747,0.0061,0.0052
996aebb3,20260326_034543.csv,2026/05/14 07:08:35:000,2026/03/26 03:46:38:271,309,10557,null,0.8024,"[1439, 346, 1581, 702]",-1.0,-1.0,N/A,Female,33,0.0038,0.2849,0.5747,0.0061,0.0052
996aebb3,20260326_034543.csv,2026/05/14 07:08:35:000,2026/03/26 03:46:38:440,310,10557,null,0.8048,"[1437, 346, 1578, 699]",-1.0,-1.0,N/A,Female,33,0.0038,0.2849,0.5747,0.0061,0.0052
996aebb3,20260326_034543.csv,2026/05/14 07:08:35:000,2026/03/26 03:46:38:637,311,10557,null,0.8046,"[1432, 346, 1579, 713]",-1.0,-1.0,N/A,Female,33,0.0038,0.2849,0.5747,0.0061,0.0052
996aebb3,20260326_034543.csv,2026/05/14 07:08:35:000,2026/03/26 03:46:38:849,312,10557,null,0.8027,"[1430, 344, 1582, 725]",-1.0,-1.0,N/A,Female,33,0.0038,0.2849,0.5747,0.0061,0.0052
996aebb3,20260326_034543.csv,2026/05/14 07:08:35:000,2026/03/26 03:46:39:879,317,10558,null,0.8077,"[997, 576, 1247, 1082]",131.8,108.8,No,Female,25,0.0004,0.8829,0.1396,0.0009,0.0025
996aebb3,20260326_034543.csv,2026/05/14 07:08:35:000,2026/03/26 03:46:42:499,333,10557,null,0.802,"[1443, 342, 1584, 718]",-1.0,-1.0,N/A,Female,33,0.0038,0.2849,0.5747,0.0061,0.0052
996aebb3,20260326_034543.csv,2026/05/14 07:08:35:000,2026/03/26 03:46:42:697,335,10557,null,0.8034,"[1440, 342, 1584, 727]",-1.0,-1.0,N/A,Female,33,0.0038,0.2849,0.5747,0.0061,0.0052
996aebb3,20260326_034543.csv,2026/05/14 07:08:35:000,2026/03/26 03:46:42:817,335,10558,null,0.8025,"[993, 566, 1254, 1049]",169.8,27.3,No,Female,25,0.0004,0.8829,0.1396,0.0009,0.0025
996aebb3,20260326_034543.csv,2026/05/14 07:08:35:000,2026/03/26 03:46:42:822,336,10557,null,0.8016,"[1440, 342, 1584, 725]",-1.0,-1.0,N/A,Female,33,0.0038,0.2849,0.5747,0.0061,0.0052
996aebb3,20260326_034543.csv,2026/05/14 07:08:35:000,2026/03/26 03:46:43:096,339,10557,null,0.8046,"[1440, 340, 1585, 725]",-1.0,-1.0,N/A,Female,33,0.0038,0.2849,0.5747,0.0061,0.0052
996aebb3,20260326_034643.csv,2026/05/14 07:07:21:000,2026/03/26 03:46:48:257,25,10557,null,0.8005,"[1443, 338, 1595, 743]",-1.0,-1.0,N/A,Female,33,0.0038,0.2849,0.5747,0.0061,0.0052
996aebb3,20260326_034643.csv,2026/05/14 07:07:21:000,2026/03/26 03:46:48:506,26,10557,null,0.8158,"[1442, 341, 1590, 733]",-1.0,-1.0,N/A,Female,33,0.0038,0.2849,0.5747,0.0061,0.0052
996aebb3,20260326_034643.csv,2026/05/14 07:07:21:000,2026/03/26 03:46:48:645,27,10557,null,0.8211,"[1440, 343, 1587, 732]",-1.0,-1.0,N/A,Female,33,0.0038,0.2849,0.5747,0.0061,0.0052
996aebb3,20260326_034643.csv,2026/05/14 07:07:21:000,2026/03/26 03:46:48:972,29,10557,null,0.8053,"[1439, 343, 1589, 741]",-1.0,-1.0,N/A,Female,33,0.0038,0.2849,0.5747,0.0061,0.0052
996aebb3,20260326_034643.csv,2026/05/14 07:07:21:000,2026/03/26 03:46:49:112,30,10557,null,0.8094,"[1442, 343, 1590, 737]",-1.0,-1.0,N/A,Female,33,0.0038,0.2849,0.5747,0.0061,0.0052
996aebb3,20260326_034643.csv,2026/05/14 07:07:21:000,2026/03/26 03:46:49:134,30,10558,null,0.8035,"[992, 597, 1227, 1059]",-1.0,-1.0,N/A,Female,25,0.0004,0.8829,0.1396,0.0009,0.0025
996aebb3,20260326_034643.csv,2026/05/14 07:07:21:000,2026/03/26 03:46:49:282,31,10557,null,0.8002,"[1444, 343, 1589, 730]",-1.0,-1.0,N/A,Female,33,0.0038,0.2849,0.5747,0.0061,0.0052
996aebb3,20260326_034643.csv,2026/05/14 07:07:21:000,2026/03/26 03:46:49:405,32,10557,null,0.8039,"[1447, 343, 1592, 726]",-1.0,-1.0,N/A,Female,33,0.0038,0.2849,0.5747,0.0061,0.0052
996aebb3,20260326_034643.csv,2026/05/14 07:07:21:000,2026/03/26 03:46:49:504,33,10557,null,0.8065,"[1450, 343, 1595, 729]",-1.0,-1.0,N/A,Female,33,0.0038,0.2849,0.5747,0.0061,0.0052
996aebb3,20260326_034643.csv,2026/05/14 07:07:21:000,2026/03/26 03:46:53:082,51,10496,null,0.8096,"[1476, 585, 1742, 1123]",-110.4,-63.3,Yes,Female,27,0.0039,0.6803,0.232,0.0111,0.0026
996aebb3,20260326_034643.csv,2026/05/14 07:07:21:000,2026/03/26 03:46:55:818,65,10496,null,0.8093,"[1483, 580, 1745, 1107]",-112.8,-64.7,Yes,Female,27,0.0039,0.6803,0.232,0.0111,0.0026
996aebb3,20260326_034643.csv,2026/05/14 07:07:21:000,2026/03/26 03:47:04:666,113,10496,null,0.8026,"[1491, 604, 1750, 1078]",-1.0,-1.0,N/A,Female,27,0.0039,0.6803,0.232,0.0111,0.0026
996aebb3,20260326_034643.csv,2026/05/14 07:07:21:000,2026/03/26 03:47:04:953,114,10496,null,0.8233,"[1486, 605, 1742, 1078]",-1.0,-1.0,N/A,Female,27,0.0039,0.6803,0.232,0.0111,0.0026
996aebb3,20260326_034643.csv,2026/05/14 07:07:21:000,2026/03/26 03:47:05:367,116,10496,null,0.8018,"[1484, 610, 1734, 1075]",-1.0,-1.0,N/A,Female,27,0.0039,0.6803,0.232,0.0111,0.0026
996aebb3,20260326_034643.csv,2026/05/14 07:07:21:000,2026/03/26 03:47:31:645,274,10557,null,0.8022,"[1480, 346, 1638, 757]",-1.0,-1.0,N/A,Female,33,0.0038,0.2849,0.5747,0.0061,0.0052
996aebb3,20260326_034643.csv,2026/05/14 07:07:21:000,2026/03/26 03:47:33:440,286,10557,null,0.8097,"[1471, 344, 1633, 762]",-1.0,-1.0,N/A,Female,33,0.0038,0.2849,0.5747,0.0061,0.0052
996aebb3,20260326_034643.csv,2026/05/14 07:07:21:000,2026/03/26 03:47:33:607,287,10557,null,0.8202,"[1473, 344, 1634, 762]",-1.0,-1.0,N/A,Female,33,0.0038,0.2849,0.5747,0.0061,0.0052
996aebb3,20260326_034643.csv,2026/05/14 07:07:21:000,2026/03/26 03:47:33:833,288,10557,null,0.8046,"[1474, 344, 1635, 760]",-1.0,-1.0,N/A,Female,33,0.0038,0.2849,0.5747,0.0061,0.0052
996aebb3,20260326_034643.csv,2026/05/14 07:07:21:000,2026/03/26 03:47:35:615,297,10557,null,0.808,"[1482, 347, 1640, 751]",-1.0,-1.0,N/A,Female,33,0.0038,0.2849,0.5747,0.0061,0.0052
996aebb3,20260326_034643.csv,2026/05/14 07:07:21:000,2026/03/26 03:47:35:842,298,10557,null,0.803,"[1480, 346, 1639, 751]",-1.0,-1.0,N/A,Female,33,0.0038,0.2849,0.5747,0.0061,0.0052
996aebb3,20260326_034643.csv,2026/05/14 07:07:21:000,2026/03/26 03:47:36:110,299,10557,null,0.8089,"[1478, 346, 1640, 760]",-1.0,-1.0,N/A,Female,33,0.0038,0.2849,0.5747,0.0061,0.0052
996aebb3,20260326_034643.csv,2026/05/14 07:07:21:000,2026/03/26 03:47:36:245,300,10557,null,0.8091,"[1474, 346, 1639, 768]",-1.0,-1.0,N/A,Female,33,0.0038,0.2849,0.5747,0.0061,0.0052
996aebb3,20260326_034643.csv,2026/05/14 07:07:21:000,2026/03/26 03:47:36:410,301,10557,null,0.8088,"[1474, 346, 1640, 771]",-1.0,-1.0,N/A,Female,33,0.0038,0.2849,0.5747,0.0061,0.0052
996aebb3,20260326_034643.csv,2026/05/14 07:07:21:000,2026/03/26 03:47:36:572,302,10557,null,0.8149,"[1473, 345, 1641, 774]",-1.0,-1.0,N/A,Female,33,0.0038,0.2849,0.5747,0.0061,0.0052
996aebb3,20260326_034643.csv,2026/05/14 07:07:21:000,2026/03/26 03:47:36:696,303,10557,null,0.8426,"[1471, 344, 1639, 777]",-1.0,-1.0,N/A,Female,33,0.0038,0.2849,0.5747,0.0061,0.0052
996aebb3,20260326_034643.csv,2026/05/14 07:07:21:000,2026/03/26 03:47:36:952,304,10557,null,0.837,"[1471, 346, 1636, 774]",-1.0,-1.0,N/A,Female,33,0.0038,0.2849,0.5747,0.0061,0.0052
996aebb3,20260326_034643.csv,2026/05/14 07:07:21:000,2026/03/26 03:47:37:109,305,10557,null,0.8203,"[1470, 348, 1633, 771]",-1.0,-1.0,N/A,Female,33,0.0038,0.2849,0.5747,0.0061,0.0052
996aebb3,20260326_034643.csv,2026/05/14 07:07:21:000,2026/03/26 03:47:37:362,306,10557,null,0.8097,"[1470, 348, 1632, 771]",-1.0,-1.0,N/A,Female,33,0.0038,0.2849,0.5747,0.0061,0.0052
996aebb3,20260326_034643.csv,2026/05/14 07:07:21:000,2026/03/26 03:47:37:520,307,10557,null,0.8161,"[1470, 350, 1630, 767]",-1.0,-1.0,N/A,Female,33,0.0038,0.2849,0.5747,0.0061,0.0052
996aebb3,20260326_034643.csv,2026/05/14 07:07:21:000,2026/03/26 03:47:37:745,308,10557,null,0.8134,"[1472, 348, 1631, 764]",-1.0,-1.0,N/A,Female,33,0.0038,0.2849,0.5747,0.0061,0.0052
996aebb3,20260326_034643.csv,2026/05/14 07:07:21:000,2026/03/26 03:47:37:946,309,10557,null,0.8154,"[1473, 344, 1635, 770]",-1.0,-1.0,N/A,Female,33,0.0038,0.2849,0.5747,0.0061,0.0052
996aebb3,20260326_034743.csv,2026/05/14 07:08:10:000,2026/03/26 03:47:51:084,43,10558,null,0.8018,"[980, 602, 1215, 1079]",-1.0,-1.0,N/A,Female,25,0.0004,0.8829,0.1396,0.0009,0.0025
996aebb3,20260326_034743.csv,2026/05/14 07:08:10:000,2026/03/26 03:48:08:727,138,10558,null,0.81,"[999, 594, 1219, 1071]",68.9,9.9,Yes,Female,25,0.0004,0.8829,0.1396,0.0009,0.0025
996aebb3,20260326_034743.csv,2026/05/14 07:08:10:000,2026/03/26 03:48:10:450,142,10619,null,0.8043,"[766, 309, 928, 708]",-1.0,-1.0,N/A,Female,35,0.0057,0.1654,0.7274,0.0169,0.0014
996aebb3,20260326_034743.csv,2026/05/14 07:08:10:000,2026/03/26 03:48:10:553,145,10558,null,0.802,"[1007, 599, 1228, 1076]",-166.5,-158.5,Yes,Female,25,0.0004,0.8829,0.1396,0.0009,0.0025
996aebb3,20260326_034743.csv,2026/05/14 07:08:10:000,2026/03/26 03:48:13:652,166,10610,null,0.8007,"[606, 294, 784, 742]",-1.0,-1.0,N/A,Male,29,0.0001,0.6218,0.5039,0.0068,0.0035
996aebb3,20260326_034743.csv,2026/05/14 07:08:10:000,2026/03/26 03:48:13:688,167,10469,null,0.8097,"[1346, 321, 1522, 784]",-1.0,-1.0,N/A,Female,30,0.0005,0.497,0.4601,0.0014,0.0022
996aebb3,20260326_034743.csv,2026/05/14 07:08:10:000,2026/03/26 03:48:13:699,169,10610,null,0.8155,"[656, 292, 834, 742]",-1.0,-1.0,N/A,Male,29,0.0001,0.6218,0.5039,0.0068,0.0035
996aebb3,20260326_034743.csv,2026/05/14 07:08:10:000,2026/03/26 03:48:19:183,202,10496,null,0.8032,"[1499, 638, 1730, 1064]",-1.0,-1.0,N/A,Female,27,0.0039,0.6803,0.232,0.0111,0.0026
996aebb3,20260326_034743.csv,2026/05/14 07:08:10:000,2026/03/26 03:48:26:424,239,10469,null,0.8017,"[1502, 333, 1703, 852]",-1.0,-1.0,N/A,Female,30,0.0005,0.497,0.4601,0.0014,0.0022
996aebb3,20260326_034743.csv,2026/05/14 07:08:10:000,2026/03/26 03:48:27:971,249,10496,null,0.8001,"[1492, 625, 1720, 1081]",-1.0,-1.0,N/A,Female,27,0.0039,0.6803,0.232,0.0111,0.0026
996aebb3,20260326_034743.csv,2026/05/14 07:08:10:000,2026/03/26 03:48:35:795,295,10469,null,0.8022,"[1452, 327, 1662, 836]",-1.0,-1.0,N/A,Female,30,0.0005,0.497,0.4601,0.0014,0.0022
996aebb3,20260326_034743.csv,2026/05/14 07:08:10:000,2026/03/26 03:48:35:946,296,10469,null,0.817,"[1447, 328, 1652, 826]",-1.0,-1.0,N/A,Female,30,0.0005,0.497,0.4601,0.0014,0.0022
996aebb3,20260326_034743.csv,2026/05/14 07:08:10:000,2026/03/26 03:48:36:148,297,10469,null,0.8113,"[1444, 324, 1652, 832]",-1.0,-1.0,N/A,Female,30,0.0005,0.497,0.4601,0.0014,0.0022
996aebb3,20260326_034743.csv,2026/05/14 07:08:10:000,2026/03/26 03:48:36:353,298,10469,null,0.8014,"[1443, 322, 1650, 829]",-1.0,-1.0,N/A,Female,30,0.0005,0.497,0.4601,0.0014,0.0022
996aebb3,20260326_034743.csv,2026/05/14 07:08:10:000,2026/03/26 03:48:38:048,309,10469,null,0.8113,"[1434, 320, 1641, 843]",-1.0,-1.0,N/A,Female,30,0.0005,0.497,0.4601,0.0014,0.0022
996aebb3,20260326_034743.csv,2026/05/14 07:08:10:000,2026/03/26 03:48:38:181,310,10469,null,0.8146,"[1435, 321, 1642, 844]",-1.0,-1.0,N/A,Female,30,0.0005,0.497,0.4601,0.0014,0.0022
996aebb3,20260326_034743.csv,2026/05/14 07:08:10:000,2026/03/26 03:48:38:351,311,10469,null,0.8011,"[1436, 320, 1642, 842]",-1.0,-1.0,N/A,Female,30,0.0005,0.497,0.4601,0.0014,0.0022
996aebb3,20260326_034743.csv,2026/05/14 07:08:10:000,2026/03/26 03:48:38:580,312,10469,null,0.8102,"[1434, 318, 1644, 851]",-1.0,-1.0,N/A,Female,30,0.0005,0.497,0.4601,0.0014,0.0022
996aebb3,20260326_034743.csv,2026/05/14 07:08:10:000,2026/03/26 03:48:39:068,314,10469,null,0.8044,"[1433, 318, 1637, 837]",-1.0,-1.0,N/A,Female,30,0.0005,0.497,0.4601,0.0014,0.0022
996aebb3,20260326_034743.csv,2026/05/14 07:08:10:000,2026/03/26 03:48:41:760,328,10469,null,0.8152,"[1445, 325, 1637, 823]",-1.0,-1.0,N/A,Female,30,0.0005,0.497,0.4601,0.0014,0.0022
996aebb3,20260326_034743.csv,2026/05/14 07:08:10:000,2026/03/26 03:48:42:918,334,10469,null,0.8059,"[1428, 324, 1628, 834]",-1.0,-1.0,N/A,Female,30,0.0005,0.497,0.4601,0.0014,0.0022
996aebb3,20260326_034743.csv,2026/05/14 07:08:10:000,2026/03/26 03:48:43:146,335,10469,null,0.813,"[1427, 322, 1627, 835]",-1.0,-1.0,N/A,Female,30,0.0005,0.497,0.4601,0.0014,0.0022
996aebb3,20260326_034743.csv,2026/05/14 07:08:10:000,2026/03/26 03:48:43:281,336,10469,null,0.8165,"[1427, 320, 1629, 839]",-1.0,-1.0,N/A,Female,30,0.0005,0.497,0.4601,0.0014,0.0022
996aebb3,20260326_034743.csv,2026/05/14 07:08:10:000,2026/03/26 03:48:43:513,337,10469,null,0.803,"[1428, 322, 1629, 838]",-1.0,-1.0,N/A,Female,30,0.0005,0.497,0.4601,0.0014,0.0022
996aebb3,20260326_034843.csv,2026/05/14 07:10:03:000,2026/03/26 03:48:43:745,1,10469,null,0.8033,"[1426, 322, 1629, 843]",-1.0,-1.0,N/A,Female,30,0.0005,0.497,0.4601,0.0014,0.0022
996aebb3,20260326_034843.csv,2026/05/14 07:10:03:000,2026/03/26 03:48:43:907,2,10469,null,0.8003,"[1425, 323, 1626, 840]",-1.0,-1.0,N/A,Female,30,0.0005,0.497,0.4601,0.0014,0.0022
996aebb3,20260326_034843.csv,2026/05/14 07:10:03:000,2026/03/26 03:48:43:982,3,10469,null,0.8014,"[1423, 322, 1625, 844]",-1.0,-1.0,N/A,Female,30,0.0005,0.497,0.4601,0.0014,0.0022
996aebb3,20260326_034843.csv,2026/05/14 07:10:03:000,2026/03/26 03:48:45:246,8,10469,null,0.8037,"[1422, 325, 1620, 834]",-1.0,-1.0,N/A,Female,30,0.0005,0.497,0.4601,0.0014,0.0022
996aebb3,20260326_034843.csv,2026/05/14 07:10:03:000,2026/03/26 03:48:56:068,64,10635,null,0.8024,"[708, 291, 895, 741]",-1.0,-1.0,N/A,Male,19,0.4514,0.7896,0.0451,0.0013,0.0001
996aebb3,20260326_034843.csv,2026/05/14 07:10:03:000,2026/03/26 03:48:56:082,65,10469,null,0.8032,"[1421, 328, 1625, 847]",-1.0,-1.0,N/A,Female,30,0.0005,0.497,0.4601,0.0014,0.0022
996aebb3,20260326_034843.csv,2026/05/14 07:10:03:000,2026/03/26 03:48:57:132,73,10469,null,0.8097,"[1417, 334, 1619, 835]",-1.0,-1.0,N/A,Female,30,0.0005,0.497,0.4601,0.0014,0.0022
996aebb3,20260326_034843.csv,2026/05/14 07:10:03:000,2026/03/26 03:48:58:763,81,10469,null,0.8062,"[1416, 322, 1627, 847]",-1.0,-1.0,N/A,Female,30,0.0005,0.497,0.4601,0.0014,0.0022
996aebb3,20260326_034843.csv,2026/05/14 07:10:03:000,2026/03/26 03:48:58:978,82,10469,null,0.8035,"[1417, 323, 1628, 849]",-1.0,-1.0,N/A,Female,30,0.0005,0.497,0.4601,0.0014,0.0022
996aebb3,20260326_034843.csv,2026/05/14 07:10:03:000,2026/03/26 03:48:59:198,83,10469,null,0.8017,"[1416, 323, 1628, 851]",-1.0,-1.0,N/A,Female,30,0.0005,0.497,0.4601,0.0014,0.0022
996aebb3,20260326_034843.csv,2026/05/14 07:10:03:000,2026/03/26 03:48:59:338,84,10469,null,0.8011,"[1419, 324, 1629, 844]",-1.0,-1.0,N/A,Female,30,0.0005,0.497,0.4601,0.0014,0.0022
996aebb3,20260326_034843.csv,2026/05/14 07:10:03:000,2026/03/26 03:49:01:727,95,10651,null,0.8225,"[632, 292, 832, 767]",-1.0,-1.0,N/A,Male,28,0.0029,0.7421,0.3784,0.0012,0.0006
996aebb3,20260326_034843.csv,2026/05/14 07:10:03:000,2026/03/26 03:49:01:739,96,10651,null,0.8183,"[622, 293, 826, 773]",-1.0,-1.0,N/A,Male,28,0.0029,0.7421,0.3784,0.0012,0.0006
996aebb3,20260326_034843.csv,2026/05/14 07:10:03:000,2026/03/26 03:49:01:745,97,10651,null,0.8147,"[620, 293, 824, 773]",-1.0,-1.0,N/A,Male,28,0.0029,0.7421,0.3784,0.0012,0.0006
996aebb3,20260326_034843.csv,2026/05/14 07:10:03:000,2026/03/26 03:49:01:762,97,10558,null,0.8069,"[1000, 608, 1232, 1075]",-1.0,-1.0,N/A,Female,25,0.0004,0.8829,0.1396,0.0009,0.0025
996aebb3,20260326_034843.csv,2026/05/14 07:10:03:000,2026/03/26 03:49:02:117,101,10469,null,0.8025,"[1413, 321, 1624, 828]",-1.0,-1.0,N/A,Female,30,0.0005,0.497,0.4601,0.0014,0.0022
996aebb3,20260326_034843.csv,2026/05/14 07:10:03:000,2026/03/26 03:49:02:295,102,10469,null,0.8024,"[1412, 322, 1622, 829]",-1.0,-1.0,N/A,Female,30,0.0005,0.497,0.4601,0.0014,0.0022
996aebb3,20260326_034843.csv,2026/05/14 07:10:03:000,2026/03/26 03:49:04:831,112,10652,null,0.8321,"[1210, 294, 1362, 702]",-1.0,-1.0,N/A,Female,36,0.0002,0.1762,0.796,0.0633,0.0012
996aebb3,20260326_034843.csv,2026/05/14 07:10:03:000,2026/03/26 03:49:04:843,113,10652,null,0.8134,"[1227, 305, 1376, 704]",-1.0,-1.0,N/A,Female,36,0.0002,0.1762,0.796,0.0633,0.0012
996aebb3,20260326_034843.csv,2026/05/14 07:10:03:000,2026/03/26 03:49:05:561,123,10652,null,0.8005,"[1270, 300, 1444, 737]",-1.0,-1.0,N/A,Female,36,0.0002,0.1762,0.796,0.0633,0.0012
996aebb3,20260326_034843.csv,2026/05/14 07:10:03:000,2026/03/26 03:49:05:705,124,10652,null,0.815,"[1275, 304, 1447, 735]",179.9,44.7,No,Female,36,0.0002,0.1762,0.796,0.0633,0.0012
996aebb3,20260326_034843.csv,2026/05/14 07:10:03:000,2026/03/26 03:49:05:823,125,10652,null,0.8238,"[1274, 308, 1446, 737]",86.8,77.2,No,Female,36,0.0002,0.1762,0.796,0.0633,0.0012
996aebb3,20260326_034843.csv,2026/05/14 07:10:03:000,2026/03/26 03:49:05:886,126,10652,null,0.8073,"[1269, 306, 1448, 753]",-1.0,-1.0,N/A,Female,36,0.0002,0.1762,0.796,0.0633,0.0012
996aebb3,20260326_034843.csv,2026/05/14 07:10:03:000,2026/03/26 03:49:06:952,135,10645,null,0.817,"[1116, 320, 1297, 789]",-1.0,-1.0,N/A,Male,35,0.0005,0.1549,0.7757,0.0169,0.0021
996aebb3,20260326_034843.csv,2026/05/14 07:10:03:000,2026/03/26 03:49:13:839,173,10558,null,0.8032,"[972, 594, 1250, 1073]",-1.0,-1.0,N/A,Female,25,0.0004,0.8829,0.1396,0.0009,0.0025
996aebb3,20260326_034843.csv,2026/05/14 07:10:03:000,2026/03/26 03:49:16:467,186,10558,null,0.8186,"[954, 591, 1228, 1092]",99.9,-37.6,Yes,Female,25,0.0004,0.8829,0.1396,0.0009,0.0025
996aebb3,20260326_034843.csv,2026/05/14 07:10:03:000,2026/03/26 03:49:16:822,187,10558,null,0.806,"[961, 586, 1234, 1091]",23.3,30.4,No,Female,25,0.0004,0.8829,0.1396,0.0009,0.0025
996aebb3,20260326_034843.csv,2026/05/14 07:10:03:000,2026/03/26 03:49:17:918,193,10645,null,0.8009,"[629, 316, 937, 898]",-1.0,-1.0,N/A,Male,35,0.0005,0.1549,0.7757,0.0169,0.0021
996aebb3,20260326_034843.csv,2026/05/14 07:10:03:000,2026/03/26 03:49:17:956,194,10645,null,0.8065,"[633, 315, 941, 899]",-1.0,-1.0,N/A,Male,35,0.0005,0.1549,0.7757,0.0169,0.0021
996aebb3,20260326_034843.csv,2026/05/14 07:10:03:000,2026/03/26 03:49:18:244,195,10645,null,0.8043,"[631, 313, 941, 906]",-1.0,-1.0,N/A,Male,35,0.0005,0.1549,0.7757,0.0169,0.0021
996aebb3,20260326_034843.csv,2026/05/14 07:10:03:000,2026/03/26 03:49:18:418,196,10645,null,0.8038,"[634, 314, 938, 900]",-1.0,-1.0,N/A,Male,35,0.0005,0.1549,0.7757,0.0169,0.0021
996aebb3,20260326_034843.csv,2026/05/14 07:10:03:000,2026/03/26 03:49:18:819,198,10645,null,0.8085,"[637, 315, 934, 893]",-1.0,-1.0,N/A,Male,35,0.0005,0.1549,0.7757,0.0169,0.0021
996aebb3,20260326_034843.csv,2026/05/14 07:10:03:000,2026/03/26 03:49:18:939,199,10645,null,0.8006,"[636, 317, 934, 899]",-1.0,-1.0,N/A,Male,35,0.0005,0.1549,0.7757,0.0169,0.0021
996aebb3,20260326_034843.csv,2026/05/14 07:10:03:000,2026/03/26 03:49:19:079,200,10645,null,0.8014,"[636, 316, 934, 901]",-1.0,-1.0,N/A,Male,35,0.0005,0.1549,0.7757,0.0169,0.0021
996aebb3,20260326_034843.csv,2026/05/14 07:10:03:000,2026/03/26 03:49:20:476,206,10645,null,0.8097,"[644, 313, 928, 886]",-1.0,-1.0,N/A,Male,35,0.0005,0.1549,0.7757,0.0169,0.0021
996aebb3,20260326_034843.csv,2026/05/14 07:10:03:000,2026/03/26 03:49:21:359,211,10645,null,0.8186,"[661, 314, 934, 875]",-1.0,-1.0,N/A,Male,35,0.0005,0.1549,0.7757,0.0169,0.0021
996aebb3,20260326_034843.csv,2026/05/14 07:10:03:000,2026/03/26 03:49:26:992,245,10645,null,0.8038,"[682, 311, 954, 892]",-1.0,-1.0,N/A,Male,35,0.0005,0.1549,0.7757,0.0169,0.0021
996aebb3,20260326_034843.csv,2026/05/14 07:10:03:000,2026/03/26 03:49:29:040,257,10558,null,0.8012,"[977, 583, 1241, 1080]",-1.0,-1.0,N/A,Female,25,0.0004,0.8829,0.1396,0.0009,0.0025
996aebb3,20260326_034843.csv,2026/05/14 07:10:03:000,2026/03/26 03:49:30:968,272,10558,null,0.8142,"[988, 619, 1234, 1098]",-1.0,-1.0,N/A,Female,25,0.0004,0.8829,0.1396,0.0009,0.0025
996aebb3,20260326_034843.csv,2026/05/14 07:10:03:000,2026/03/26 03:49:32:569,280,10558,null,0.8041,"[988, 618, 1230, 1075]",-1.0,-1.0,N/A,Female,25,0.0004,0.8829,0.1396,0.0009,0.0025
996aebb3,20260326_034843.csv,2026/05/14 07:10:03:000,2026/03/26 03:49:35:802,292,10665,null,0.8154,"[1130, 346, 1271, 706]",-1.0,-1.0,N/A,Female,23,0.0015,0.9979,0.005,0.0021,0.005
996aebb3,20260326_034843.csv,2026/05/14 07:10:03:000,2026/03/26 03:49:35:817,294,10645,null,0.8192,"[753, 319, 984, 875]",-1.0,-1.0,N/A,Male,35,0.0005,0.1549,0.7757,0.0169,0.0021
996aebb3,20260326_034843.csv,2026/05/14 07:10:03:000,2026/03/26 03:49:35:831,295,10645,null,0.8299,"[748, 321, 980, 883]",-1.0,-1.0,N/A,Male,35,0.0005,0.1549,0.7757,0.0169,0.0021
996aebb3,20260326_034843.csv,2026/05/14 07:10:03:000,2026/03/26 03:49:38:257,307,10496,null,0.8007,"[1477, 621, 1710, 1084]",-1.0,-1.0,N/A,Female,27,0.0039,0.6803,0.232,0.0111,0.0026
996aebb3,20260326_034843.csv,2026/05/14 07:10:03:000,2026/03/26 03:49:40:090,318,10645,null,0.8019,"[783, 337, 1007, 872]",-1.0,-1.0,N/A,Male,35,0.0005,0.1549,0.7757,0.0169,0.0021
996aebb3,20260326_034843.csv,2026/05/14 07:10:03:000,2026/03/26 03:49:40:273,320,10645,null,0.812,"[781, 332, 1012, 876]",-1.0,-1.0,N/A,Male,35,0.0005,0.1549,0.7757,0.0169,0.0021
996aebb3,20260326_034843.csv,2026/05/14 07:10:03:000,2026/03/26 03:49:40:382,321,10645,null,0.8259,"[785, 336, 1017, 876]",-1.0,-1.0,N/A,Male,35,0.0005,0.1549,0.7757,0.0169,0.0021
996aebb3,20260326_034843.csv,2026/05/14 07:10:03:000,2026/03/26 03:49:40:575,322,10645,null,0.8121,"[788, 344, 1013, 867]",-1.0,-1.0,N/A,Male,35,0.0005,0.1549,0.7757,0.0169,0.0021
996aebb3,20260326_034843.csv,2026/05/14 07:10:03:000,2026/03/26 03:49:40:829,323,10645,null,0.8088,"[783, 340, 1013, 875]",-1.0,-1.0,N/A,Male,35,0.0005,0.1549,0.7757,0.0169,0.0021
996aebb3,20260326_034843.csv,2026/05/14 07:10:03:000,2026/03/26 03:49:41:070,324,10645,null,0.8053,"[773, 330, 1009, 876]",-1.0,-1.0,N/A,Male,35,0.0005,0.1549,0.7757,0.0169,0.0021
996aebb3,20260326_034843.csv,2026/05/14 07:10:03:000,2026/03/26 03:49:42:456,331,10645,null,0.8166,"[768, 321, 1012, 878]",-1.0,-1.0,N/A,Male,35,0.0005,0.1549,0.7757,0.0169,0.0021
996aebb3,20260326_034843.csv,2026/05/14 07:10:03:000,2026/03/26 03:49:42:665,332,10645,null,0.8176,"[768, 322, 1013, 879]",-1.0,-1.0,N/A,Male,35,0.0005,0.1549,0.7757,0.0169,0.0021
996aebb3,20260326_034843.csv,2026/05/14 07:10:03:000,2026/03/26 03:49:42:892,333,10645,null,0.81,"[767, 322, 1011, 880]",-1.0,-1.0,N/A,Male,35,0.0005,0.1549,0.7757,0.0169,0.0021
996aebb3,20260326_034843.csv,2026/05/14 07:10:03:000,2026/03/26 03:49:43:029,334,10645,null,0.8113,"[769, 323, 1013, 884]",-1.0,-1.0,N/A,Male,35,0.0005,0.1549,0.7757,0.0169,0.0021
996aebb3,20260326_034843.csv,2026/05/14 07:10:03:000,2026/03/26 03:49:43:255,335,10645,null,0.8073,"[772, 325, 1015, 885]",-1.0,-1.0,N/A,Male,35,0.0005,0.1549,0.7757,0.0169,0.0021
996aebb3,20260326_034843.csv,2026/05/14 07:10:03:000,2026/03/26 03:49:43:388,336,10645,null,0.8208,"[775, 327, 1018, 885]",-1.0,-1.0,N/A,Male,35,0.0005,0.1549,0.7757,0.0169,0.0021
996aebb3,20260326_034843.csv,2026/05/14 07:10:03:000,2026/03/26 03:49:43:656,337,10645,null,0.8094,"[778, 331, 1018, 881]",-1.0,-1.0,N/A,Male,35,0.0005,0.1549,0.7757,0.0169,0.0021
996aebb3,20260326_034943.csv,2026/05/14 07:08:38:000,2026/03/26 03:50:15:575,177,10469,null,0.8041,"[1324, 315, 1495, 750]",-171.2,-9.8,No,Female,30,0.0005,0.497,0.4601,0.0014,0.0022
996aebb3,20260326_034943.csv,2026/05/14 07:08:38:000,2026/03/26 03:50:15:757,178,10469,null,0.8129,"[1328, 314, 1502, 755]",-168.5,130.6,No,Female,30,0.0005,0.497,0.4601,0.0014,0.0022
996aebb3,20260326_034943.csv,2026/05/14 07:08:38:000,2026/03/26 03:50:15:877,179,10469,null,0.8261,"[1342, 316, 1519, 764]",-1.0,-1.0,N/A,Female,30,0.0005,0.497,0.4601,0.0014,0.0022
996aebb3,20260326_034943.csv,2026/05/14 07:08:38:000,2026/03/26 03:50:16:266,180,10469,null,0.8172,"[1351, 316, 1532, 771]",170.4,-62.2,Yes,Female,30,0.0005,0.497,0.4601,0.0014,0.0022
996aebb3,20260326_034943.csv,2026/05/14 07:08:38:000,2026/03/26 03:50:16:675,184,10469,null,0.8021,"[1362, 315, 1546, 779]",-1.0,-1.0,N/A,Female,30,0.0005,0.497,0.4601,0.0014,0.0022
996aebb3,20260326_034943.csv,2026/05/14 07:08:38:000,2026/03/26 03:50:16:886,186,10469,null,0.8224,"[1352, 311, 1536, 773]",-16.6,-53.7,No,Female,30,0.0005,0.497,0.4601,0.0014,0.0022
996aebb3,20260326_034943.csv,2026/05/14 07:08:38:000,2026/03/26 03:50:17:065,187,10469,null,0.8345,"[1347, 311, 1532, 774]",-160.2,-0.3,No,Female,30,0.0005,0.497,0.4601,0.0014,0.0022
996aebb3,20260326_034943.csv,2026/05/14 07:08:38:000,2026/03/26 03:50:17:176,188,10469,null,0.8027,"[1343, 311, 1524, 767]",117.9,102.8,No,Female,30,0.0005,0.497,0.4601,0.0014,0.0022
996aebb3,20260326_034943.csv,2026/05/14 07:08:38:000,2026/03/26 03:50:17:256,190,10469,null,0.803,"[1330, 315, 1505, 755]",-1.0,-1.0,N/A,Female,30,0.0005,0.497,0.4601,0.0014,0.0022
996aebb3,20260326_034943.csv,2026/05/14 07:08:38:000,2026/03/26 03:50:17:559,192,10469,null,0.81,"[1307, 309, 1488, 764]",-1.0,-1.0,N/A,Female,30,0.0005,0.497,0.4601,0.0014,0.0022
996aebb3,20260326_034943.csv,2026/05/14 07:08:38:000,2026/03/26 03:50:17:651,193,10469,null,0.8218,"[1303, 309, 1482, 759]",-1.0,-1.0,N/A,Female,30,0.0005,0.497,0.4601,0.0014,0.0022
996aebb3,20260326_034943.csv,2026/05/14 07:08:38:000,2026/03/26 03:50:17:780,194,10469,null,0.8203,"[1300, 311, 1478, 759]",-1.0,-1.0,N/A,Female,30,0.0005,0.497,0.4601,0.0014,0.0022
996aebb3,20260326_034943.csv,2026/05/14 07:08:38:000,2026/03/26 03:50:17:839,195,10469,null,0.8235,"[1298, 312, 1476, 761]",-1.0,-1.0,N/A,Female,30,0.0005,0.497,0.4601,0.0014,0.0022
996aebb3,20260326_034943.csv,2026/05/14 07:08:38:000,2026/03/26 03:50:17:947,196,10469,null,0.8315,"[1298, 311, 1479, 769]",-1.0,-1.0,N/A,Female,30,0.0005,0.497,0.4601,0.0014,0.0022
996aebb3,20260326_034943.csv,2026/05/14 07:08:38:000,2026/03/26 03:50:18:036,197,10469,null,0.8438,"[1299, 313, 1481, 777]",-1.0,-1.0,N/A,Female,30,0.0005,0.497,0.4601,0.0014,0.0022
996aebb3,20260326_034943.csv,2026/05/14 07:08:38:000,2026/03/26 03:50:18:291,198,10469,null,0.8355,"[1302, 314, 1483, 777]",-1.0,-1.0,N/A,Female,30,0.0005,0.497,0.4601,0.0014,0.0022
996aebb3,20260326_034943.csv,2026/05/14 07:08:38:000,2026/03/26 03:50:18:536,199,10469,null,0.8083,"[1310, 316, 1485, 765]",-1.0,-1.0,N/A,Female,30,0.0005,0.497,0.4601,0.0014,0.0022
996aebb3,20260326_034943.csv,2026/05/14 07:08:38:000,2026/03/26 03:50:18:923,201,10469,null,0.8041,"[1344, 312, 1515, 747]",-1.0,-1.0,N/A,Female,30,0.0005,0.497,0.4601,0.0014,0.0022
996aebb3,20260326_034943.csv,2026/05/14 07:08:38:000,2026/03/26 03:50:19:179,202,10469,null,0.8153,"[1354, 313, 1530, 759]",22.5,60.1,No,Female,30,0.0005,0.497,0.4601,0.0014,0.0022
996aebb3,20260326_034943.csv,2026/05/14 07:08:38:000,2026/03/26 03:50:19:366,203,10469,null,0.8086,"[1359, 313, 1536, 761]",-1.0,-1.0,N/A,Female,30,0.0005,0.497,0.4601,0.0014,0.0022
996aebb3,20260326_034943.csv,2026/05/14 07:08:38:000,2026/03/26 03:50:20:045,209,10469,null,0.8007,"[1356, 309, 1540, 759]",-1.0,-1.0,N/A,Female,30,0.0005,0.497,0.4601,0.0014,0.0022
996aebb3,20260326_034943.csv,2026/05/14 07:08:38:000,2026/03/26 03:50:20:157,210,10469,null,0.8048,"[1354, 311, 1535, 755]",103.5,7.7,No,Female,30,0.0005,0.497,0.4601,0.0014,0.0022
996aebb3,20260326_034943.csv,2026/05/14 07:08:38:000,2026/03/26 03:50:20:419,211,10469,null,0.8242,"[1351, 311, 1533, 760]",-1.0,-1.0,N/A,Female,30,0.0005,0.497,0.4601,0.0014,0.0022
996aebb3,20260326_034943.csv,2026/05/14 07:08:38:000,2026/03/26 03:50:20:662,212,10469,null,0.8165,"[1342, 312, 1521, 752]",-137.1,-30.2,No,Female,30,0.0005,0.497,0.4601,0.0014,0.0022
996aebb3,20260326_034943.csv,2026/05/14 07:08:38:000,2026/03/26 03:50:20:787,213,10469,null,0.8187,"[1332, 314, 1510, 756]",-1.0,-1.0,N/A,Female,30,0.0005,0.497,0.4601,0.0014,0.0022
996aebb3,20260326_034943.csv,2026/05/14 07:08:38:000,2026/03/26 03:50:20:852,213,10558,null,0.8001,"[996, 605, 1245, 1080]",-1.0,-1.0,N/A,Female,25,0.0004,0.8829,0.1396,0.0009,0.0025
996aebb3,20260326_034943.csv,2026/05/14 07:08:38:000,2026/03/26 03:50:20:974,214,10469,null,0.823,"[1319, 315, 1498, 762]",-1.0,-1.0,N/A,Female,30,0.0005,0.497,0.4601,0.0014,0.0022
996aebb3,20260326_034943.csv,2026/05/14 07:08:38:000,2026/03/26 03:50:20:987,214,10558,null,0.801,"[994, 608, 1244, 1087]",-1.0,-1.0,N/A,Female,25,0.0004,0.8829,0.1396,0.0009,0.0025
996aebb3,20260326_034943.csv,2026/05/14 07:08:38:000,2026/03/26 03:50:21:186,215,10469,null,0.8111,"[1313, 315, 1488, 755]",-1.0,-1.0,N/A,Female,30,0.0005,0.497,0.4601,0.0014,0.0022
996aebb3,20260326_034943.csv,2026/05/14 07:08:38:000,2026/03/26 03:50:21:524,216,10469,null,0.8145,"[1311, 314, 1484, 751]",-1.0,-1.0,N/A,Female,30,0.0005,0.497,0.4601,0.0014,0.0022
996aebb3,20260326_034943.csv,2026/05/14 07:08:38:000,2026/03/26 03:50:21:805,217,10469,null,0.8173,"[1315, 315, 1485, 743]",-165.3,-77.8,Yes,Female,30,0.0005,0.497,0.4601,0.0014,0.0022
996aebb3,20260326_034943.csv,2026/05/14 07:08:38:000,2026/03/26 03:50:21:958,218,10469,null,0.8231,"[1319, 316, 1489, 747]",-148.4,-83.8,Yes,Female,30,0.0005,0.497,0.4601,0.0014,0.0022
996aebb3,20260326_034943.csv,2026/05/14 07:08:38:000,2026/03/26 03:50:22:847,223,10469,null,0.8156,"[1355, 311, 1528, 746]",-95.2,-20.2,Yes,Female,30,0.0005,0.497,0.4601,0.0014,0.0022
996aebb3,20260326_034943.csv,2026/05/14 07:08:38:000,2026/03/26 03:50:23:059,224,10469,null,0.812,"[1352, 311, 1527, 753]",84.5,45.0,Yes,Female,30,0.0005,0.497,0.4601,0.0014,0.0022
996aebb3,20260326_034943.csv,2026/05/14 07:08:38:000,2026/03/26 03:50:23:134,225,10469,null,0.8153,"[1345, 313, 1518, 752]",-153.1,-107.7,Yes,Female,30,0.0005,0.497,0.4601,0.0014,0.0022
996aebb3,20260326_034943.csv,2026/05/14 07:08:38:000,2026/03/26 03:50:23:456,226,10469,null,0.817,"[1342, 318, 1511, 747]",153.3,133.2,No,Female,30,0.0005,0.497,0.4601,0.0014,0.0022
996aebb3,20260326_034943.csv,2026/05/14 07:08:38:000,2026/03/26 03:50:23:633,227,10469,null,0.8067,"[1340, 317, 1508, 744]",-90.1,-79.9,No,Female,30,0.0005,0.497,0.4601,0.0014,0.0022
996aebb3,20260326_034943.csv,2026/05/14 07:08:38:000,2026/03/26 03:50:24:006,228,10589,null,0.8042,"[11, 592, 304, 1104]",-1.0,-1.0,N/A,Male,34,0.0003,0.2846,0.3772,0.0589,0.0294
996aebb3,20260326_034943.csv,2026/05/14 07:08:38:000,2026/03/26 03:50:24:026,229,10589,null,0.812,"[12, 595, 304, 1102]",-1.0,-1.0,N/A,Male,34,0.0003,0.2846,0.3772,0.0589,0.0294
996aebb3,20260326_034943.csv,2026/05/14 07:08:38:000,2026/03/26 03:50:24:090,230,10589,null,0.8015,"[12, 595, 301, 1099]",-1.0,-1.0,N/A,Male,34,0.0003,0.2846,0.3772,0.0589,0.0294
996aebb3,20260326_034943.csv,2026/05/14 07:08:38:000,2026/03/26 03:50:24:148,231,10589,null,0.8083,"[14, 598, 299, 1090]",-1.0,-1.0,N/A,Male,34,0.0003,0.2846,0.3772,0.0589,0.0294
996aebb3,20260326_034943.csv,2026/05/14 07:08:38:000,2026/03/26 03:50:24:213,232,10589,null,0.8007,"[13, 599, 296, 1087]",-1.0,-1.0,N/A,Male,34,0.0003,0.2846,0.3772,0.0589,0.0294
996aebb3,20260326_034943.csv,2026/05/14 07:08:38:000,2026/03/26 03:50:24:287,233,10469,null,0.8005,"[1333, 314, 1500, 738]",-1.0,-1.0,N/A,Female,30,0.0005,0.497,0.4601,0.0014,0.0022
996aebb3,20260326_034943.csv,2026/05/14 07:08:38:000,2026/03/26 03:50:24:328,233,10496,null,0.8004,"[1481, 613, 1711, 1105]",179.9,98.2,No,Female,27,0.0039,0.6803,0.232,0.0111,0.0026
996aebb3,20260326_034943.csv,2026/05/14 07:08:38:000,2026/03/26 03:50:24:386,234,10469,null,0.8009,"[1333, 316, 1502, 743]",-1.0,-1.0,N/A,Female,30,0.0005,0.497,0.4601,0.0014,0.0022
996aebb3,20260326_034943.csv,2026/05/14 07:08:38:000,2026/03/26 03:50:24:547,235,10496,null,0.8062,"[1484, 614, 1713, 1108]",-1.0,-1.0,N/A,Female,27,0.0039,0.6803,0.232,0.0111,0.0026
996aebb3,20260326_034943.csv,2026/05/14 07:08:38:000,2026/03/26 03:50:24:750,236,10496,null,0.8065,"[1485, 616, 1711, 1105]",-1.0,-1.0,N/A,Female,27,0.0039,0.6803,0.232,0.0111,0.0026
996aebb3,20260326_034943.csv,2026/05/14 07:08:38:000,2026/03/26 03:50:24:926,237,10496,null,0.8148,"[1483, 617, 1710, 1111]",-1.0,-1.0,N/A,Female,27,0.0039,0.6803,0.232,0.0111,0.0026
996aebb3,20260326_034943.csv,2026/05/14 07:08:38:000,2026/03/26 03:50:24:980,237,10469,null,0.8083,"[1338, 314, 1507, 739]",-1.0,-1.0,N/A,Female,30,0.0005,0.497,0.4601,0.0014,0.0022
996aebb3,20260326_034943.csv,2026/05/14 07:08:38:000,2026/03/26 03:50:25:111,237,10558,null,0.8007,"[983, 589, 1228, 1079]",-151.1,-87.1,Yes,Female,25,0.0004,0.8829,0.1396,0.0009,0.0025
996aebb3,20260326_034943.csv,2026/05/14 07:08:38:000,2026/03/26 03:50:25:232,238,10469,null,0.8085,"[1340, 313, 1511, 744]",-1.0,-1.0,N/A,Female,30,0.0005,0.497,0.4601,0.0014,0.0022
996aebb3,20260326_034943.csv,2026/05/14 07:08:38:000,2026/03/26 03:50:25:418,239,10469,null,0.8112,"[1341, 315, 1510, 742]",-1.0,-1.0,N/A,Female,30,0.0005,0.497,0.4601,0.0014,0.0022
996aebb3,20260326_034943.csv,2026/05/14 07:08:38:000,2026/03/26 03:50:25:527,240,10469,null,0.8051,"[1341, 316, 1509, 740]",-1.0,-1.0,N/A,Female,30,0.0005,0.497,0.4601,0.0014,0.0022
996aebb3,20260326_034943.csv,2026/05/14 07:08:38:000,2026/03/26 03:50:25:839,241,10469,null,0.8073,"[1340, 316, 1509, 740]",-80.2,-106.0,No,Female,30,0.0005,0.497,0.4601,0.0014,0.0022
996aebb3,20260326_034943.csv,2026/05/14 07:08:38:000,2026/03/26 03:50:26:369,243,10469,null,0.803,"[1341, 315, 1510, 740]",-107.2,-91.2,No,Female,30,0.0005,0.497,0.4601,0.0014,0.0022
996aebb3,20260326_034943.csv,2026/05/14 07:08:38:000,2026/03/26 03:50:28:082,252,10469,null,0.824,"[1328, 309, 1513, 772]",-1.0,-1.0,N/A,Female,30,0.0005,0.497,0.4601,0.0014,0.0022
996aebb3,20260326_034943.csv,2026/05/14 07:08:38:000,2026/03/26 03:50:28:251,253,10469,null,0.8111,"[1328, 310, 1515, 779]",-1.0,-1.0,N/A,Female,30,0.0005,0.497,0.4601,0.0014,0.0022
996aebb3,20260326_034943.csv,2026/05/14 07:08:38:000,2026/03/26 03:50:28:469,254,10469,null,0.8081,"[1325, 308, 1511, 778]",-1.0,-1.0,N/A,Female,30,0.0005,0.497,0.4601,0.0014,0.0022
996aebb3,20260326_034943.csv,2026/05/14 07:08:38:000,2026/03/26 03:50:29:353,258,10469,null,0.81,"[1338, 308, 1512, 756]",-1.0,-1.0,N/A,Female,30,0.0005,0.497,0.4601,0.0014,0.0022
996aebb3,20260326_034943.csv,2026/05/14 07:08:38:000,2026/03/26 03:50:29:689,260,10469,null,0.8051,"[1342, 313, 1508, 742]",-1.0,-1.0,N/A,Female,30,0.0005,0.497,0.4601,0.0014,0.0022
996aebb3,20260326_034943.csv,2026/05/14 07:08:38:000,2026/03/26 03:50:29:797,261,10469,null,0.8005,"[1342, 314, 1508, 741]",-1.0,-1.0,N/A,Female,30,0.0005,0.497,0.4601,0.0014,0.0022
996aebb3,20260326_034943.csv,2026/05/14 07:08:38:000,2026/03/26 03:50:29:999,263,10469,null,0.8038,"[1341, 310, 1509, 745]",-1.0,-1.0,N/A,Female,30,0.0005,0.497,0.4601,0.0014,0.0022
996aebb3,20260326_034943.csv,2026/05/14 07:08:38:000,2026/03/26 03:50:30:215,265,10469,null,0.8104,"[1339, 310, 1509, 752]",-1.0,-1.0,N/A,Female,30,0.0005,0.497,0.4601,0.0014,0.0022
996aebb3,20260326_034943.csv,2026/05/14 07:08:38:000,2026/03/26 03:50:30:293,266,10469,null,0.8011,"[1338, 310, 1508, 754]",-1.0,-1.0,N/A,Female,30,0.0005,0.497,0.4601,0.0014,0.0022
996aebb3,20260326_034943.csv,2026/05/14 07:08:38:000,2026/03/26 03:50:30:454,267,10469,null,0.8011,"[1339, 313, 1507, 751]",107.0,108.0,No,Female,30,0.0005,0.497,0.4601,0.0014,0.0022
996aebb3,20260326_034943.csv,2026/05/14 07:08:38:000,2026/03/26 03:50:30:606,269,10469,null,0.8001,"[1339, 313, 1505, 748]",-1.0,-1.0,N/A,Female,30,0.0005,0.497,0.4601,0.0014,0.0022
996aebb3,20260326_034943.csv,2026/05/14 07:08:38:000,2026/03/26 03:50:30:664,270,10469,null,0.8057,"[1340, 312, 1506, 750]",-1.0,-1.0,N/A,Female,30,0.0005,0.497,0.4601,0.0014,0.0022
996aebb3,20260326_034943.csv,2026/05/14 07:08:38:000,2026/03/26 03:50:30:801,271,10469,null,0.803,"[1343, 313, 1507, 742]",-1.0,-1.0,N/A,Female,30,0.0005,0.497,0.4601,0.0014,0.0022
996aebb3,20260326_034943.csv,2026/05/14 07:08:38:000,2026/03/26 03:50:30:882,272,10469,null,0.8282,"[1348, 315, 1511, 740]",-1.0,-1.0,N/A,Female,30,0.0005,0.497,0.4601,0.0014,0.0022
996aebb3,20260326_034943.csv,2026/05/14 07:08:38:000,2026/03/26 03:50:30:998,273,10469,null,0.8122,"[1353, 314, 1517, 738]",-1.0,-1.0,N/A,Female,30,0.0005,0.497,0.4601,0.0014,0.0022
996aebb3,20260326_034943.csv,2026/05/14 07:08:38:000,2026/03/26 03:50:31:182,275,10469,null,0.8023,"[1359, 314, 1526, 740]",-1.0,-1.0,N/A,Female,30,0.0005,0.497,0.4601,0.0014,0.0022
996aebb3,20260326_034943.csv,2026/05/14 07:08:38:000,2026/03/26 03:50:31:314,276,10469,null,0.8009,"[1360, 311, 1528, 738]",-1.0,-1.0,N/A,Female,30,0.0005,0.497,0.4601,0.0014,0.0022
996aebb3,20260326_034943.csv,2026/05/14 07:08:38:000,2026/03/26 03:50:32:954,284,10690,null,0.8305,"[421, 404, 730, 985]",-1.0,-1.0,N/A,Female,29,0.0039,0.6012,0.399,0.0022,0.003
996aebb3,20260326_034943.csv,2026/05/14 07:08:38:000,2026/03/26 03:50:33:070,288,10469,null,0.8006,"[1329, 311, 1490, 727]",-1.0,-1.0,N/A,Female,30,0.0005,0.497,0.4601,0.0014,0.0022
996aebb3,20260326_034943.csv,2026/05/14 07:08:38:000,2026/03/26 03:50:33:538,292,10469,null,0.8075,"[1339, 308, 1507, 744]",-27.9,142.3,No,Female,30,0.0005,0.497,0.4601,0.0014,0.0022
996aebb3,20260326_034943.csv,2026/05/14 07:08:38:000,2026/03/26 03:50:33:558,292,10496,null,0.8023,"[1493, 617, 1712, 1078]",-1.0,-1.0,N/A,Female,27,0.0039,0.6803,0.232,0.0111,0.0026
996aebb3,20260326_034943.csv,2026/05/14 07:08:38:000,2026/03/26 03:50:33:624,293,10469,null,0.8082,"[1342, 307, 1511, 745]",-14.0,113.7,No,Female,30,0.0005,0.497,0.4601,0.0014,0.0022
996aebb3,20260326_034943.csv,2026/05/14 07:08:38:000,2026/03/26 03:50:33:644,293,10496,null,0.8003,"[1494, 617, 1713, 1078]",-1.0,-1.0,N/A,Female,27,0.0039,0.6803,0.232,0.0111,0.0026
996aebb3,20260326_034943.csv,2026/05/14 07:08:38:000,2026/03/26 03:50:33:815,294,10469,null,0.8013,"[1349, 311, 1515, 743]",-156.0,134.0,No,Female,30,0.0005,0.497,0.4601,0.0014,0.0022
996aebb3,20260326_034943.csv,2026/05/14 07:08:38:000,2026/03/26 03:50:34:165,296,10469,null,0.8075,"[1356, 310, 1524, 741]",-140.9,172.0,No,Female,30,0.0005,0.497,0.4601,0.0014,0.0022
996aebb3,20260326_034943.csv,2026/05/14 07:08:38:000,2026/03/26 03:50:34:516,298,10469,null,0.8171,"[1351, 307, 1524, 748]",18.4,85.0,No,Female,30,0.0005,0.497,0.4601,0.0014,0.0022
996aebb3,20260326_034943.csv,2026/05/14 07:08:38:000,2026/03/26 03:50:35:554,303,10469,null,0.8088,"[1319, 316, 1484, 738]",25.1,39.7,No,Female,30,0.0005,0.497,0.4601,0.0014,0.0022
996aebb3,20260326_034943.csv,2026/05/14 07:08:38:000,2026/03/26 03:50:35:685,304,10469,null,0.8153,"[1309, 314, 1476, 740]",158.7,125.3,No,Female,30,0.0005,0.497,0.4601,0.0014,0.0022
996aebb3,20260326_034943.csv,2026/05/14 07:08:38:000,2026/03/26 03:50:36:046,306,10469,null,0.8056,"[1298, 313, 1464, 743]",28.3,38.5,No,Female,30,0.0005,0.497,0.4601,0.0014,0.0022
996aebb3,20260326_034943.csv,2026/05/14 07:08:38:000,2026/03/26 03:50:36:258,307,10496,null,0.8009,"[1494, 620, 1709, 1072]",-1.0,-1.0,N/A,Female,27,0.0039,0.6803,0.232,0.0111,0.0026
996aebb3,20260326_034943.csv,2026/05/14 07:08:38:000,2026/03/26 03:50:36:438,308,10469,null,0.8045,"[1294, 312, 1455, 727]",20.5,118.9,No,Female,30,0.0005,0.497,0.4601,0.0014,0.0022
996aebb3,20260326_034943.csv,2026/05/14 07:08:38:000,2026/03/26 03:50:36:669,310,10469,null,0.8083,"[1292, 313, 1453, 727]",106.0,90.0,No,Female,30,0.0005,0.497,0.4601,0.0014,0.0022
996aebb3,20260326_034943.csv,2026/05/14 07:08:38:000,2026/03/26 03:50:36:825,312,10469,null,0.8118,"[1292, 313, 1451, 720]",14.1,67.8,No,Female,30,0.0005,0.497,0.4601,0.0014,0.0022
996aebb3,20260326_034943.csv,2026/05/14 07:08:38:000,2026/03/26 03:50:37:095,313,10469,null,0.8155,"[1291, 314, 1450, 722]",27.3,49.4,No,Female,30,0.0005,0.497,0.4601,0.0014,0.0022
996aebb3,20260326_034943.csv,2026/05/14 07:08:38:000,2026/03/26 03:50:37:201,314,10469,null,0.8079,"[1292, 317, 1450, 723]",-1.0,-1.0,N/A,Female,30,0.0005,0.497,0.4601,0.0014,0.0022
996aebb3,20260326_034943.csv,2026/05/14 07:08:38:000,2026/03/26 03:50:37:362,315,10469,null,0.813,"[1293, 317, 1453, 727]",-176.8,93.5,No,Female,30,0.0005,0.497,0.4601,0.0014,0.0022
996aebb3,20260326_034943.csv,2026/05/14 07:08:38:000,2026/03/26 03:50:37:679,316,10469,null,0.8169,"[1294, 317, 1454, 726]",169.6,108.3,No,Female,30,0.0005,0.497,0.4601,0.0014,0.0022
996aebb3,20260326_034943.csv,2026/05/14 07:08:38:000,2026/03/26 03:50:37:780,317,10469,null,0.8198,"[1296, 318, 1454, 724]",96.6,47.0,No,Female,30,0.0005,0.497,0.4601,0.0014,0.0022
996aebb3,20260326_034943.csv,2026/05/14 07:08:38:000,2026/03/26 03:50:38:002,318,10469,null,0.8152,"[1296, 320, 1453, 720]",46.5,65.8,No,Female,30,0.0005,0.497,0.4601,0.0014,0.0022
996aebb3,20260326_034943.csv,2026/05/14 07:08:38:000,2026/03/26 03:50:38:182,319,10469,null,0.8112,"[1295, 319, 1454, 726]",12.3,104.4,No,Female,30,0.0005,0.497,0.4601,0.0014,0.0022
996aebb3,20260326_034943.csv,2026/05/14 07:08:38:000,2026/03/26 03:50:38:255,319,10496,null,0.8025,"[1489, 619, 1705, 1071]",-1.0,-1.0,N/A,Female,27,0.0039,0.6803,0.232,0.0111,0.0026
996aebb3,20260326_034943.csv,2026/05/14 07:08:38:000,2026/03/26 03:50:38:409,320,10469,null,0.8126,"[1295, 319, 1455, 726]",36.7,107.9,No,Female,30,0.0005,0.497,0.4601,0.0014,0.0022
996aebb3,20260326_034943.csv,2026/05/14 07:08:38:000,2026/03/26 03:50:38:550,321,10469,null,0.8011,"[1297, 318, 1456, 723]",29.4,78.9,No,Female,30,0.0005,0.497,0.4601,0.0014,0.0022
996aebb3,20260326_034943.csv,2026/05/14 07:08:38:000,2026/03/26 03:50:38:854,322,10469,null,0.8049,"[1301, 315, 1463, 729]",-1.0,-1.0,N/A,Female,30,0.0005,0.497,0.4601,0.0014,0.0022
996aebb3,20260326_034943.csv,2026/05/14 07:08:38:000,2026/03/26 03:50:42:799,340,10695,null,0.8036,"[321, 402, 671, 1012]",-1.0,-1.0,N/A,Female,32,0.0048,0.4203,0.6803,0.011,0.0023
996aebb3,20260326_035043.csv,2026/05/14 07:08:49:000,2026/03/26 03:50:44:138,1,10496,null,0.8086,"[1497, 621, 1715, 1077]",-1.0,-1.0,N/A,Female,27,0.0039,0.6803,0.232,0.0111,0.0026
996aebb3,20260326_035043.csv,2026/05/14 07:08:49:000,2026/03/26 03:50:44:226,2,10589,null,0.82,"[421, 428, 769, 983]",-1.0,-1.0,N/A,Male,34,0.0003,0.2846,0.3772,0.0589,0.0294
996aebb3,20260326_035043.csv,2026/05/14 07:08:49:000,2026/03/26 03:50:50:139,35,10558,null,0.8016,"[998, 609, 1243, 1074]",-1.0,-1.0,N/A,Female,25,0.0004,0.8829,0.1396,0.0009,0.0025
996aebb3,20260326_035043.csv,2026/05/14 07:08:49:000,2026/03/26 03:50:51:612,40,10713,null,0.8134,"[672, 315, 851, 703]",-1.0,-1.0,N/A,Female,31,0.0028,0.6852,0.6627,0.0445,0.0009
996aebb3,20260326_035043.csv,2026/05/14 07:08:49:000,2026/03/26 03:50:51:623,42,10713,null,0.8093,"[736, 319, 914, 708]",-1.0,-1.0,N/A,Female,31,0.0028,0.6852,0.6627,0.0445,0.0009
996aebb3,20260326_035043.csv,2026/05/14 07:08:49:000,2026/03/26 03:50:58:256,81,10558,null,0.8022,"[993, 606, 1232, 1076]",-1.0,-1.0,N/A,Female,25,0.0004,0.8829,0.1396,0.0009,0.0025
996aebb3,20260326_035043.csv,2026/05/14 07:08:49:000,2026/03/26 03:50:58:483,82,10558,null,0.8077,"[993, 607, 1230, 1072]",-1.0,-1.0,N/A,Female,25,0.0004,0.8829,0.1396,0.0009,0.0025
996aebb3,20260326_035043.csv,2026/05/14 07:08:49:000,2026/03/26 03:50:58:604,83,10558,null,0.8099,"[990, 605, 1234, 1086]",-1.0,-1.0,N/A,Female,25,0.0004,0.8829,0.1396,0.0009,0.0025
996aebb3,20260326_035043.csv,2026/05/14 07:08:49:000,2026/03/26 03:50:58:916,85,10558,null,0.8079,"[992, 605, 1232, 1078]",-1.0,-1.0,N/A,Female,25,0.0004,0.8829,0.1396,0.0009,0.0025
